{"npo": {"38": {"Ru": 2.965645245741536, "Pt": 2.9389742770842395, "Ni": 2.954517581549105, "Nb": 2.9705683568989727, "Re": 2.982415432006491, "Pd": 2.9627004294377355, "Ti": 2.981559066177231, "Rh": 2.926957086211221, "Tc": 2.978723781645, "Ta": 2.965356146310946, "Fe": 2.929114757754347, "Hf": 3.060585856780287, "Hg": 3.1727873570487493, "Mo": 2.8455687787707737, "Mn": 2.938888971755329, "W": 2.897631450773003, "V": 2.9275346810845444, "Y": 6.785541264236123, "Os": 2.9494180596198216, "Sc": 3.119670424755249, "Zn": 3.0714005455563975, "Co": 2.940458738903788, "Ag": 3.0138208111769345, "Ir": 2.9096788495473196, "Cd": 3.1490671678279463, "Au": 2.976156173251559, "Cu": 2.9336905485804086, "Cr": 2.9886037182050367, "Zr": 3.0800293471768736}, "79": {"Ru": 2.894166784413122, "Pt": 2.9624848581157877, "Ni": 2.958307013937923, "Nb": 2.9729557679678535, "Sc": 3.012177710142268, "Pd": 2.969809659713819, "Ti": 2.9080810310505147, "Rh": 2.924529910047204, "Tc": 2.915014774786321, "Ta": 2.967325451376215, "Fe": 3.2279836543557328, "Hf": 3.0102311893017792, "Mo": 2.9131336665439242, "Mn": 2.993282456114954, "W": 2.9313672351051174, "V": 2.933034997073641, "Y": 3.2290799720512937, "Os": 2.8911222563424244, "Zn": 3.013958782615363, "Co": 2.9265715261706027, "Ag": 3.1475239479525374, "Re": 2.9208318751473423, "Ir": 2.9190898088806647, "Cd": 3.1915790873856653, "Au": 3.0861268330061833, "Cr": 2.97500576247751, "Cu": 2.9325658522479165}}, "bnp": {"38": {"Ru": 2.840419706047069, "Pt": 2.8453251484389983, "Ni": 2.830377332454843, "Nb": 2.9199504476047764, "Re": 2.860476416320149, "Pd": 2.8455374564072637, "Ti": 2.88824258541656, "Rh": 2.8400391987326614, "Tc": 2.850813207151234, "Ta": 2.9131770003713, "Fe": 2.8282028311368363, "Hf": 2.9644566927154634, "Hg": 2.875323270585087, "Mo": 2.841141785213656, "Mn": 2.837986175070046, "W": 2.8972274898059287, "V": 2.876232080665389, "Y": 2.963130872753606, "Os": 2.846545598230868, "Sc": 2.922115070883597, "Zn": 2.8419566566733714, "Co": 2.8297026912543504, "Ag": 2.850769319365963, "Ir": 2.8372700025243716, "Cd": 2.884384771582811, "Au": 2.85490456255044, "Cu": 2.812861374555466, "Cr": 2.840340128691537, "Zr": 2.976493798728793}, "79": {"Ru": 2.8032457605207983, "Pt": 2.830022656096402, "Ni": 2.78790044636231, "Nb": 2.8394097399561904, "Sc": 2.9742007840483304, "Pd": 2.827647453227092, "Ti": 2.8857977074658265, "Rh": 2.8181622755925075, "Tc": 2.8252823950821493, "Ta": 2.967034212789962, "Fe": 2.7779797764558563, "Hf": 3.008741785682066, "Mo": 2.827161999269867, "Mn": 2.8012450492807943, "W": 2.8395873582580706, "V": 2.807273342668409, "Y": 2.960120292002889, "Os": 2.798146342060646, "Zn": 2.850649641951547, "Co": 2.7846645032146427, "Ag": 2.872585841414342, "Re": 2.837802821873877, "Ir": 2.8119065267711196, "Cd": 2.8817237333331254, "Au": 2.874631219193724, "Cr": 2.8284073776302545, "Cu": 2.8093814395886305}}}
